mean,std,folds,errors
0.584086740498247,0.023273320969758544,5,0
