mean,std,folds,errors
0.5697963827169092,0.025556669490026756,5,0
