mean,std,folds,errors
0.5786631376099929,0.04520855969247999,5,0
