mean,std,folds,errors
0.6559006211180124,0.03291209214109199,5,0
