mean,std,folds,errors
0.5759350839311834,0.032640228256162265,5,0
