mean,std,folds,errors
0.5902347287037681,0.03269813667548508,5,0
