mean,std,folds,errors
0.5915859859302083,0.0369976055868742,5,0
