mean,std,folds,errors
0.6753623188405797,0.03970083894092841,5,0
