mean,std,folds,errors
0.5990713008752989,0.026511998258530886,5,0
