mean,std,folds,errors
0.5589073854797892,0.029492057668981924,5,0
