mean,std,folds,errors
0.5521069861391655,0.03081825462090007,5,0
