mean,std,folds,errors
0.5561677230619211,0.02407546214261567,5,0
