mean,std,folds,errors
0.6575569358178054,0.014537051496101001,5,0
